grupo,codigo,titulo_actual,titulo_propuesto,tipo,precio_tienda,precio_antes_tienda,catalogo_ahora,catalogo_antes,fotos,variantes,catalogo_parte,problemas
ready,15G-14G,Accesorios 15G-14G,Llave de Radios 15G-14G,Accesorios,11.0,,11.00,15.00,1,1,3,
ready,5D-CULOTE,Accesorios 5D-CULOTE,Bandana de Gel para Ciclismo (Culote) 5D,Accesorios,9.0,,9.00,14.00,1,1,3,
ready,9D-CULOTE,Accesorios 9D-CULOTE,Bandana de Gel para Ciclismo (Culote) 9D,Accesorios,9.0,,9.00,14.00,1,1,3,
ready,AC-DIS,Accesorios AC-DIS,Accesorio para Disco de Freno AC-DIS,Accesorios,9.0,,9.00,15.00,1,1,3,
ready,ADP-DISC,Accesorios ADP-DISC,Adaptador para Freno de Disco ADP-DISC,Accesorios,15.0,,15.00,23.00,1,1,3,
ready,IF-14RB,Accesorios IF-14RB,Inflador de Pie Rockbros IF-14RB,Accesorios,43.0,,43.00,51.00,1,1,3,
ready,PS-130,Pastilla Cuadrada,Pastilla Cuadrada Shimateck PS-130,Accesorios,15.0,,15.00,23.00,1,1,3,
ready,TM-PL20,Accesorios TM-PL20,Manillar y Poste Plegable TM-PL20,Accesorios,216.0,,216,260,4,1,2,
ready,TM-PL26,Accesorios TM-PL26,Manillar Plegable TM-PL26,Accesorios,180.0,,180,220,4,1,2,
ready,TW-CC-18,Accesorios TW-CC-18,Corta Cadena TW-CC-18,Accesorios,9.0,,9.00,13.00,1,1,3,
ready,RB-12-B,Casco Ciclismo Rockbros RB-12,,Cascos,225.0,270.00,225.00,270.00,1,3,1,
ready,RT-01,Accesorios RT-01,Espejo Retrovisor para Casco RT-01,Cascos,27.0,,27.00,35.00,2,1,3,
ready,MG-06RB,Grips MG-06RB,Puños Rockbros MG-06RB,Grips,16.0,,16,27,6,1,2,
ready,MG-08RB,Grips MG-08RB,Puños Estilo Retro Rockbros MG-08RB,Grips,27.0,,27,40,5,1,2,
ready,MG-12,Grips MG-12,Puños Ergonómicos MG-12,Grips,27.0,,27,40,6,1,2,
ready,MG-23RB,Grips Ergonómicos,Puños Ergonómicos de Cuero Rockbros MG-23RB,Grips,45.0,,45,60,5,1,2,
ready,CT-85-52TW,Neco CT-85-52TW,Catalina Monoplato de Aluminio CT-85-52TW,Neco,198.0,,198,220,1,1,2,
ready,KITX3,Neco KITX3,Kit de Componentes Neco KITX3,Neco,54.0,,54,75,1,1,2,
ready,NC-80-C,Neco NC-80-C,Set de Masa Casetera Neco NC-80-C,Neco,216.0,,216,235,1,1,2,
ready,NC-T,Neco NC-T,Juego de Dirección Neco NC-T,Neco,9.0,,9,15,4,3,2,
ready,P-NC-36,Neco P-NC-36,Masa Posterior con Tuerca Neco P-NC-36,Neco,54.0,,54,65,1,1,2,
ready,TM-16NC,Neco TM-16NC,Timón de Doble Altura Neco TM-16NC,Neco,45.0,,45,60,5,4,2,
ready,P7-ATA-F,Ata Piñon Fijo De Velocidades Marca P7-ATA-F,,Piñones,36.0,,36,50,1,1,2,
ready,P8-ATA-F,Ata Piñon Fijo De Velocidades Marca P8-ATA-F,,Piñones,40.0,,40,55,1,1,2,
ready,14-BK-TW,Rockbros 14-BK-TW,,Rockbros,27.0,,27.00,35.00,1,1,3,
ready,CO-11,Rockbros CO-11,Cobertor para Bicicleta Rockbros CO-11,Rockbros,27.0,,27.00,35.00,1,1,3,
ready,EX-16,Rockbros EX-16,Extensor de Timón 12 cm Rockbros EX-16,Rockbros,36.0,,36.00,50.00,1,1,3,
ready,GN-56,Rockbros GN-56,Adaptador para Porta Botellas Rockbros GN-56,Rockbros,16.0,,16.00,21.00,2,1,3,
ready,P-07RB,Rockbros P-07RB,Parador para Bicicleta Rockbros P-07RB,Rockbros,22.0,,22.00,31.00,2,1,3,
ready,P-16RB,Rockbros P-16RB,Parador para Bicicleta Rockbros P-16RB,Rockbros,43.0,,43.00,52.00,1,1,3,
ready,P-17RB,Rockbros P-17RB,Parador para Bicicleta Rockbros P-17RB,Rockbros,45.0,,45.00,56.00,1,1,3,
ready,PC-06-RB,Rockbros PC-06-RB,Soporte de Celular Rockbros PC-06-RB,Rockbros,27.0,,27.00,40.00,1,1,3,
ready,PC-06A-RB,Rockbros PC-06A-RB,Soporte de Celular Rockbros PC-06A-RB,Rockbros,25.0,,25.00,33.00,1,1,3,
ready,PC-06RED,Rockbros PC-06RED,Soporte de Celular Rockbros PC-06RED,Rockbros,29.0,,29.00,38.00,1,1,3,
ready,RB24-48,Rockbros RB24-48,"Cámara Rockbros 24"" RB24-48",Rockbros,14.0,,14,20,1,1,2,
ready,RB29-60,Rockbros RB29-60,"Cámara Rockbros 29"" RB29-60",Rockbros,19.8,,19.80,28,1,1,2,
ready,TT-20RB,Manillar,Extensor de Timón Doble Rockbros TT-20RB,Rockbros,36.0,,36,47,1,1,2,
ready,TT-30RB,Rockbros TT-30RB,Extensor de Timón Doble Rockbros TT-30RB,Rockbros,45.0,,45,57,4,3,2,
price,CK-12,Accesorios CK-12,Cámara con Válvula Curva 45° CK-12,Accesorios,8.26,,13.00,20.00,1,1,3,precio ≠ catálogo (S/13)
price,EX-18-RB,Accesorios EX-18-RB,Extensión con Amortiguación para Asiento EX-18-RB,Accesorios,9.0,,27.00,40.00,1,1,3,precio ≠ catálogo (S/27)
price,PB-03,Accesorios PB-03,Porta Botella con Regulador PB-03,Accesorios,9.44,,6.00,10.00,2,1,3,precio ≠ catálogo (S/6)
price,L27-10,Llantas L27-10,"Llanta para Scooter 10"" L27-10",Llantas,51.92,,79.00,93.00,1,1,1,precio ≠ catálogo (S/79)
price,AF-24,Rockbros AF-24,,Rockbros,58.0,,76.00,98.00,1,1,3,precio ≠ catálogo (S/76)
price,PB-04-C,Rockbros PB-04-C,Parador para Bicicleta PB-04-C ⚠,Rockbros,11.8,,18.00,25.00,1,1,3,precio ≠ catálogo (S/18)
price,PB-06RB,Rockbros PB-06RB,Parador para Bicicleta Rockbros PB-06RB ⚠,Rockbros,14.16,,22.00,31.00,2,1,3,precio ≠ catálogo (S/22)
price,PB-10,Rockbros PB-10,Parador para Bicicleta PB-10 ⚠,Rockbros,17.7,,27.00,40.00,1,1,3,precio ≠ catálogo (S/27)
nophoto,GL-12,Asiento Ergonómico de Larga Distancia GL-12,,Asientos,47.0,70.00,47.00,70.00,0,1,1,sin foto
nophoto,GL-15,Asiento Ergonómico Shinetour GL-15,,Asientos,31.0,55.00,36.00,52.00,0,1,1,sin foto; precio ≠ catálogo (S/36)
nophoto,GL-18-N,Asiento Ergonómico Rockbros GL-18-N,,Asientos,33.0,50.00,33.00,50.00,0,1,1,sin foto
nophoto,GL-18T-R,Asiento Ergonómico Tornasolado Rockbros GL-18T-R,,Asientos,33.0,50.00,33.00,50.00,0,1,1,sin foto
nophoto,KP-8-B-BW,Casco Ciclismo MTB CIGNA KP-08B,,Cascos,180.0,230.00,,,0,4,1,sin foto
nophoto,MT-33G2,Casco Open Face MT-33G2,,Cascos,78.0,,78.00,78.00,0,6,1,sin foto
nophoto,RB-15,Casco Ciclismo Rockbros RB-15 con Luz Integrada,,Cascos,225.0,270.00,225.00,270.00,0,1,1,sin foto
nophoto,TT-33,Casco Urbano CIGNA TT-33,,Cascos,180.0,220.00,180.00,220.00,0,1,1,sin foto
nophoto,VV-12-C,Casco Ciclismo CIGNA VV-12,,Cascos,54.0,90.00,54.00,90.00,0,5,1,sin foto
nophoto,WT-012-C,Casco Ciclismo CIGNA WT-012,,Cascos,63.0,100.00,63.00,100.00,0,6,1,sin foto
nophoto,WT-016-BWR,Casco Ciclismo CIGNA WT-016 con Luz LED,,Cascos,126.0,170.00,126.00,170.00,0,5,1,sin foto
nophoto,WT-033-BP,Casco Ciclismo CIGNA WT-033,,Cascos,99.0,135.00,99.00,135.00,0,5,1,sin foto
nophoto,WT-049-BT,Casco Ciclismo CIGNA WT-049 con Visor Desmontable,,Cascos,178.0,220.00,178.00,220.00,0,3,1,sin foto
nophoto,WT-082-BR,Casco Ciclismo CIGNA WT-082 con Luz LED,,Cascos,126.0,170.00,126.00,170.00,0,5,1,sin foto
nophoto,WT-088-C,Casco MTB CIGNA WT-088,,Cascos,180.0,225.00,180.00,225.00,0,2,1,sin foto
zero,31.8x14,Accesorios 31.8x14,,Accesorios,0.0,,,,2,1,,precio S/0; no está en catálogo
zero,31.8x24,Accesorios 31.8x24,,Accesorios,0.0,,,,2,1,,precio S/0; no está en catálogo
zero,34.9x14,Accesorios 34.9x14,,Accesorios,0.0,,,,1,1,,precio S/0; no está en catálogo
zero,34.9x18,Accesorios 34.9x18,,Accesorios,0.0,,,,1,1,,precio S/0; no está en catálogo
zero,34.9x24,Accesorios 34.9x24,,Accesorios,0.0,,,,2,1,,precio S/0; no está en catálogo
zero,C-055,Accesorios C-055,,Accesorios,0.0,,,,1,1,,precio S/0; no está en catálogo
zero,G3,Accesorios G3,Soporte de Linterna para Bicicleta G3,Accesorios,0.0,,8.00,15.00,2,1,3,precio S/0; precio ≠ catálogo (S/8)
zero,G4,Accesorios G4,Soporte de Linterna de Ajuste Rápido G4,Accesorios,0.0,,15.00,22.00,2,1,3,precio S/0; precio ≠ catálogo (S/15)
zero,LLAVE-01,Accesorios LLAVE-01,,Accesorios,0.0,,,,1,1,,precio S/0; no está en catálogo
zero,LLV-01,Accesorios LLV-01,,Accesorios,0.0,,3.50,5.00,1,1,3,precio S/0; precio ≠ catálogo (S/3.5)
zero,PS-125,Pastillas Varios Modelos,,Accesorios,0.0,,,,1,1,,precio S/0; no está en catálogo
zero,PS-126,Accesorios PS-126,,Accesorios,0.0,,,,1,1,3,precio S/0
zero,PS-129D,Accesorios PS-129D,,Accesorios,0.0,,,,1,1,,precio S/0; no está en catálogo
zero,PS-129G,Accesorios PS-129G,,Accesorios,0.0,,,,1,1,3,precio S/0
zero,DUO-319B,Luces DUO-319B,,Luces,0.0,,,,7,1,,precio S/0; no está en catálogo
zero,LD-20RB,Luces LD-20RB,,Luces,0.0,,,,4,1,,precio S/0; no está en catálogo
